id,first-name,last_name,email,gender
1,Donn,Haythorne,dhaythorne0@sfgate.com,Male
2,Tuckie,Behn,tbehn1@usgs.gov,Male
3,Valle,Franc,vfranc2@flickr.com,Male
4,Kaleb,Mound,kmound3@artisteer.com,Male
5,Veronica,Ryburn,vryburn4@yale.edu,Female
6,Sebastian,Beckmann,sbeckmann5@freewebs.com,Male
7,Con,Glazebrook,cglazebrook6@ibm.com,Male
8,Vonny,Janse,vjanse7@webmd.com,Female
9,Barron,Helsby,bhelsby8@cocolog-nifty.com,Male
10,Bobbe,Gilchrist,bgilchrist9@about.me,Female
11,Alexandro,Stebbings,astebbingsa@vkontakte.ru,Male
12,Luis,Lines,llinesb@twitter.com,Male
13,Rickie,Kardos,rkardosc@discuz.net,Female
14,Heinrik,Winspire,hwinspired@wordpress.org,Male
15,Veronica,Minshaw,vminshawe@marketwatch.com,Female
16,Reamonn,Bricksey,rbrickseyf@oracle.com,Male
17,Tamqrah,Grioli,tgriolig@cnet.com,Female
18,Dynah,Ferry,dferryh@sourceforge.net,Female
19,Herold,Ranscombe,hranscombei@princeton.edu,Male
20,Yardley,Goodoune,ygoodounej@ovh.net,Male
21,Dot,MacCarlich,dmaccarlichk@4shared.com,Female
22,Sal,Eouzan,seouzanl@posterous.com,Male
23,Shea,Brahms,sbrahmsm@ebay.com,Female
24,Hamlen,Laye,hlayen@cam.ac.uk,Genderqueer
25,Amalita,Hightown,ahightowno@networksolutions.com,Female
26,Adora,Gutsell,agutsellp@vk.com,Female
27,Emile,Dionis,edionisq@wikia.com,Male
28,Granville,Adelman,gadelmanr@sohu.com,Male
29,Cayla,Mauchline,cmauchlines@seattletimes.com,Female
30,Marcille,Strutley,mstrutleyt@businesswire.com,Female
31,Kellina,Spavins,kspavinsu@walmart.com,Female
32,Corby,Costen,ccostenv@guardian.co.uk,Male
33,Trudie,Rae,traew@dion.ne.jp,Female
34,Waiter,McElhargy,wmcelhargyx@ebay.co.uk,Male
35,Leon,Brandoni,lbrandoniy@purevolume.com,Polygender
36,Ellsworth,Noades,enoadesz@mit.edu,Male
37,Ulrike,Stead,ustead10@skype.com,Genderfluid
38,Tanny,Jean,tjean11@ycombinator.com,Male
39,Lizabeth,Lewzey,llewzey12@paginegialle.it,Female
40,Hetty,Lohrensen,hlohrensen13@vinaora.com,Female
41,Franny,Purrington,fpurrington14@google.com.br,Female
42,Kipp,Froom,kfroom15@mozilla.org,Non-binary
43,Danni,Shuttle,dshuttle16@amazon.co.uk,Female
44,Maggee,Dalgety,mdalgety17@infoseek.co.jp,Female
45,Jeremias,Celier,jcelier18@skype.com,Male
46,Rennie,Helbeck,rhelbeck19@baidu.com,Female
47,Reggis,Kettle,rkettle1a@printfriendly.com,Male
48,Stacee,Dwyer,sdwyer1b@bizjournals.com,Male
49,Rem,Harrinson,rharrinson1c@domainmarket.com,Male
50,Lilian,Thumnel,lthumnel1d@mtv.com,Female
51,Fleurette,Garbott,fgarbott1e@sciencedaily.com,Female
52,Brand,Crowson,bcrowson1f@kickstarter.com,Male
53,Kaleena,Leonardi,kleonardi1g@newyorker.com,Female
54,Timmy,Stopps,tstopps1h@nsw.gov.au,Female
55,Xymenes,Dumphry,xdumphry1i@mtv.com,Male
56,Auria,Noto,anoto1j@blog.com,Female
57,Feliza,Tooze,ftooze1k@google.com,Female
58,Kearney,Nealon,knealon1l@sogou.com,Male
59,Hashim,Earpe,hearpe1m@google.nl,Male
60,Ginelle,Giacobo,ggiacobo1n@newyorker.com,Female
61,Pavla,Burfoot,pburfoot1o@wix.com,Female
62,Sander,Bassett,sbassett1p@webnode.com,Polygender
63,Barbette,Simnell,bsimnell1q@imageshack.us,Female
64,Alice,Santoro,asantoro1r@nbcnews.com,Polygender
65,Harlan,Biagi,hbiagi1s@is.gd,Male
66,Babs,Genthner,bgenthner1t@techcrunch.com,Female
67,Gnni,Spedroni,gspedroni1u@list-manage.com,Female
68,Doretta,Hullah,dhullah1v@geocities.jp,Female
69,Sophi,Norridge,snorridge1w@ihg.com,Female
70,Gregorio,Boothroyd,gboothroyd1x@prlog.org,Male
71,Shayna,Marvell,smarvell1y@latimes.com,Female
72,Blair,Schwander,bschwander1z@homestead.com,Female
73,Lotte,Eskell,leskell20@themeforest.net,Female
74,Arri,Deares,adeares21@weather.com,Male
75,Aidan,Lomath,alomath22@wsj.com,Female
76,Jeromy,Phillcox,jphillcox23@army.mil,Male
77,Colver,Brackstone,cbrackstone24@vinaora.com,Male
78,Star,Badland,sbadland25@vinaora.com,Agender
79,Francklin,Illiston,filliston26@blog.com,Male
80,Lian,Effemy,leffemy27@cdc.gov,Female
81,Jasmin,Mc-Kerley,jmckerley28@zimbio.com,Female
82,Judd,Winscomb,jwinscomb29@google.it,Polygender
83,Jenifer,Lidgett,jlidgett2a@nasa.gov,Female
84,Fremont,Kingsley,fkingsley2b@webeden.co.uk,Male
85,Annabelle,Jedrzejewicz,ajedrzejewicz2c@loc.gov,Female
86,Oriana,Wombwell,owombwell2d@1und1.de,Female
87,Steward,Inold,sinold2e@myspace.com,Male
88,Karlie,Vassano,kvassano2f@reuters.com,Female
89,Lorin,Waddicor,lwaddicor2g@sciencedaily.com,Male
90,Averyl,Haggish,ahaggish2h@alexa.com,Female
91,Evanne,Champniss,echampniss2i@npr.org,Female
92,Sholom,L'oiseau,sloiseau2j@theatlantic.com,Male
93,Demetrius,Lazer,dlazer2k@example.com,Polygender
94,Cherin,MacGillreich,cmacgillreich2l@mapquest.com,Female
95,Charlotta,Caddie,ccaddie2m@vimeo.com,Female
96,Maighdiln,Livingstone,mlivingstone2n@bravesites.com,Female
97,Findlay,Jenik,fjenik2o@flickr.com,Male
98,Meredeth,Aloshkin,maloshkin2p@timesonline.co.uk,Male
99,Tabitha,Sydenham,tsydenham2q@unesco.org,Female
100,Gordy,Ashcroft,gashcroft2r@google.co.jp,Male
101,Vidovic,Raittie,vraittie2s@state.tx.us,Bigender
102,Ursuline,Moncreiffe,umoncreiffe2t@livejournal.com,Female
103,Zelda,Hazel,zhazel2u@foxnews.com,Female
104,Cos,McCorry,cmccorry2v@marriott.com,Male
105,Eleonora,Lyness,elyness2w@diigo.com,Female
106,Milty,Minguet,mminguet2x@tuttocitta.it,Male
107,Dimitri,Fearnsides,dfearnsides2y@jigsy.com,Male
108,Clim,Kiddy,ckiddy2z@gravatar.com,Bigender
109,Emelen,Yannoni,eyannoni30@hugedomains.com,Male
110,Hendrik,Pendleberry,hpendleberry31@addtoany.com,Male
111,Granthem,Wimmer,gwimmer32@opera.com,Male
112,Reagen,Bathowe,rbathowe33@mapy.cz,Male
113,Basia,Lucas,blucas34@fema.gov,Female
114,Wendell,Thomasson,wthomasson35@barnesandnoble.com,Male
115,Biddy,Twiddy,btwiddy36@twitter.com,Female
116,Nobie,Aidler,naidler37@alexa.com,Agender
117,Nellie,Phoebe,nphoebe38@msu.edu,Female
118,Maia,Younge,myounge39@cam.ac.uk,Female
119,Lorrie,Gratland,lgratland3a@ebay.co.uk,Female
120,Tamar,Dockree,tdockree3b@unblog.fr,Non-binary
121,Shaina,Domingues,sdomingues3c@themeforest.net,Female
122,Jeanne,Barrack,jbarrack3d@imgur.com,Genderfluid
123,Engracia,Sumshon,esumshon3e@lulu.com,Female
124,Pearline,Pauncefoot,ppauncefoot3f@tinyurl.com,Female
125,Caterina,Saterthwait,csaterthwait3g@microsoft.com,Polygender
126,Tye,Augie,taugie3h@edublogs.org,Male
127,Mitchael,Shoorbrooke,mshoorbrooke3i@quantcast.com,Male
128,Mariana,Verma,mverma3j@yahoo.com,Female
129,Carri,Worms,cworms3k@oaic.gov.au,Non-binary
130,Clare,Bartul,cbartul3l@macromedia.com,Male
131,Decca,Pettendrich,dpettendrich3m@sakura.ne.jp,Male
132,Hewe,Dumbar,hdumbar3n@sciencedirect.com,Male
133,Minor,Coweuppe,mcoweuppe3o@bing.com,Polygender
134,Douglass,Colnett,dcolnett3p@webeden.co.uk,Male
135,Dael,Fearfull,dfearfull3q@columbia.edu,Male
136,Rudd,Carvill,rcarvill3r@ed.gov,Male
137,Max,Tonkes,mtonkes3s@google.pl,Female
138,Ange,Kleimt,akleimt3t@mayoclinic.com,Male
139,Gill,Bithell,gbithell3u@cbc.ca,Female
140,Duff,Hollyman,dhollyman3v@microsoft.com,Polygender
141,Marlo,Eve,meve3w@naver.com,Male
142,Merrielle,Cammomile,mcammomile3x@java.com,Polygender
143,Hobard,Cristofaro,hcristofaro3y@whitehouse.gov,Male
144,Ferne,Lush,flush3z@hp.com,Female
145,Fifine,Foulstone,ffoulstone40@berkeley.edu,Female
146,Gal,Erley,gerley41@jalbum.net,Male
147,Forbes,Toby,ftoby42@wix.com,Male
148,Bud,Woolfitt,bwoolfitt43@skype.com,Male
149,Kessiah,Tatlock,ktatlock44@mediafire.com,Female
150,Toiboid,Meeks,tmeeks45@deliciousdays.com,Male
151,Evangelia,Bairstow,ebairstow46@rediff.com,Female
152,Linus,Yukhnov,lyukhnov47@w3.org,Male
153,Alma,MacMeekan,amacmeekan48@weibo.com,Female
154,Naoma,Hulls,nhulls49@springer.com,Female
155,Abram,Klesel,aklesel4a@bluehost.com,Male
156,Melisandra,Westby,mwestby4b@dailymail.co.uk,Female
157,Junina,Caulket,jcaulket4c@cargocollective.com,Female
158,Tomaso,Larrie,tlarrie4d@php.net,Male
159,Jacquelyn,McAneny,jmcaneny4e@usgs.gov,Female
160,Faythe,Goodridge,fgoodridge4f@photobucket.com,Non-binary
161,Garnette,Goodwyn,ggoodwyn4g@drupal.org,Female
162,Shawn,Scanderet,sscanderet4h@cnet.com,Male
163,Sampson,Curdell,scurdell4i@wikimedia.org,Male
164,Sarge,Doggerell,sdoggerell4j@google.cn,Genderfluid
165,Derek,Duran,dduran4k@sogou.com,Male
166,Robbert,Stolli,rstolli4l@ovh.net,Male
167,Jorge,Idiens,jidiens4m@hao123.com,Male
168,Franciskus,Haysman,fhaysman4n@cnn.com,Agender
169,Bartlett,Royce,broyce4o@google.co.uk,Male
170,Milt,Maris,mmaris4p@histats.com,Male
171,Patricio,Crowdson,pcrowdson4q@yale.edu,Male
172,Rudd,Lydiard,rlydiard4r@nbcnews.com,Male
173,Egor,Draycott,edraycott4s@flickr.com,Male
174,Nelson,Bodega,nbodega4t@lulu.com,Male
175,Byron,Butchard,bbutchard4u@histats.com,Genderqueer
176,Petronella,Conry,pconry4v@usda.gov,Female
177,Xavier,Muino,xmuino4w@posterous.com,Male
178,Roshelle,Aleveque,raleveque4x@webs.com,Female
179,Elia,Moorfield,emoorfield4y@mit.edu,Male
180,Ado,Gunson,agunson4z@skype.com,Male
181,Feliks,Kempshall,fkempshall50@blog.com,Male
182,Talbot,Capitano,tcapitano51@columbia.edu,Male
183,Clarence,Bickerdicke,cbickerdicke52@squidoo.com,Male
184,Tricia,Garnul,tgarnul53@example.com,Female
185,Bathsheba,Burton,bburton54@fda.gov,Non-binary
186,Lorita,Haisell,lhaisell55@nsw.gov.au,Female
187,Ximenez,Vegas,xvegas56@wikia.com,Male
188,Arnold,Radin,aradin57@scientificamerican.com,Male
189,Christie,Bellini,cbellini58@youku.com,Male
190,Earl,Clancey,eclancey59@nasa.gov,Male
191,Ivett,Vowell,ivowell5a@about.com,Female
192,Bran,Walburn,bwalburn5b@cargocollective.com,Male
193,Kennedy,Littlejohns,klittlejohns5c@mapquest.com,Male
194,Lambert,Scrace,lscrace5d@cbc.ca,Male
195,Melicent,Mulbry,mmulbry5e@nymag.com,Female
196,Raddie,Mountlow,rmountlow5f@spiegel.de,Male
197,Selby,Fowkes,sfowkes5g@vkontakte.ru,Male
198,Novelia,Tytler,ntytler5h@si.edu,Female
199,Vi,Toy,vtoy5i@mediafire.com,Female
200,Hartley,Gianasi,hgianasi5j@sphinn.com,Male
201,Neal,Loachhead,nloachhead5k@shareasale.com,Male
202,Darin,Coney,dconey5l@devhub.com,Male
203,Roderigo,Walters,rwalters5m@imgur.com,Male
204,Sholom,Breem,sbreem5n@bravesites.com,Male
205,Miller,Yurov,myurov5o@ca.gov,Genderfluid
206,Zack,Romagnosi,zromagnosi5p@yellowbook.com,Male
207,Giacomo,Plaster,gplaster5q@aol.com,Male
208,Rooney,Easdon,reasdon5r@dailymotion.com,Male
209,Hunt,Penn,hpenn5s@wiley.com,Male
210,Kat,Caroll,kcaroll5t@angelfire.com,Female
211,Katusha,Osgarby,kosgarby5u@fda.gov,Female
212,Estevan,Hassett,ehassett5v@wufoo.com,Male
213,Gillan,Keaysell,gkeaysell5w@bbb.org,Female
214,Cchaddie,Brunsden,cbrunsden5x@dot.gov,Male
215,Alameda,Tully,atully5y@techcrunch.com,Female
216,Pandora,Guitel,pguitel5z@ocn.ne.jp,Bigender
217,Torie,Tather,ttather60@discuz.net,Female
218,Karlik,Pierpoint,kpierpoint61@joomla.org,Male
219,Tatum,Tilby,ttilby62@imageshack.us,Female
220,Forrester,Lewis,flewis63@who.int,Male
221,Odella,Shere,oshere64@google.cn,Female
222,Keefer,Roper,kroper65@ihg.com,Male
223,Zack,Durrand,zdurrand66@etsy.com,Male
224,Ellwood,Defont,edefont67@clickbank.net,Male
225,Port,Lambshine,plambshine68@yahoo.co.jp,Male
226,Abba,Blazeby,ablazeby69@cornell.edu,Male
227,Tildy,Baseley,tbaseley6a@purevolume.com,Female
228,Bellina,Killingsworth,bkillingsworth6b@icio.us,Female
229,Sibilla,Dobble,sdobble6c@sakura.ne.jp,Female
230,Andria,Bim,abim6d@weibo.com,Female
231,Jelene,Michie,jmichie6e@wix.com,Female
232,Corenda,Titcumb,ctitcumb6f@ftc.gov,Female
233,Cornelius,McKoy,cmckoy6g@posterous.com,Male
234,Shea,Speere,sspeere6h@yandex.ru,Male
235,Fancie,Winsom,fwinsom6i@so-net.ne.jp,Female
236,Inger,Hamshar,ihamshar6j@adobe.com,Female
237,Carmon,Stenhouse,cstenhouse6k@seattletimes.com,Female
238,Elayne,Rossi,erossi6l@issuu.com,Female
239,Raddie,Goadby,rgoadby6m@multiply.com,Male
240,Lorelei,Fransewich,lfransewich6n@oakley.com,Female
241,Leilah,Burrill,lburrill6o@tripod.com,Female
242,Jae,Busswell,jbusswell6p@paypal.com,Male
243,Fredrick,Pendell,fpendell6q@zimbio.com,Male
244,Abbey,Duplan,aduplan6r@fotki.com,Male
245,Teddie,Marrable,tmarrable6s@va.gov,Male
246,Keith,Phateplace,kphateplace6t@friendfeed.com,Male
247,Bar,Swanson,bswanson6u@upenn.edu,Male
248,Hillel,Debrett,hdebrett6v@mail.ru,Male
249,Marlon,Heathfield,mheathfield6w@mysql.com,Male
250,Venus,McWhinnie,vmcwhinnie6x@icq.com,Female
251,Hersh,Althorpe,halthorpe6y@ed.gov,Male
252,Bruno,Larrat,blarrat6z@yahoo.com,Male
253,Giffie,Pottinger,gpottinger70@soup.io,Polygender
254,Jayne,Lillow,jlillow71@usa.gov,Female
255,Rosa,Mafham,rmafham72@google.de,Female
256,Athene,Garry,agarry73@examiner.com,Female
257,Sigismundo,Stollsteimer,sstollsteimer74@hao123.com,Male
258,Drud,Flooks,dflooks75@bigcartel.com,Male
259,Giff,Paterno,gpaterno76@jigsy.com,Male
260,Cody,Wisson,cwisson77@un.org,Male
261,Ham,Batchan,hbatchan78@goodreads.com,Male
262,Letta,Bushell,lbushell79@1und1.de,Female
263,Falito,Bennie,fbennie7a@freewebs.com,Male
264,Em,Tearle,etearle7b@ifeng.com,Genderfluid
265,Dawn,Brittan,dbrittan7c@feedburner.com,Female
266,Teodorico,Linkie,tlinkie7d@miibeian.gov.cn,Male
267,Elwood,Sallery,esallery7e@yellowbook.com,Male
268,Jessamine,De Bischof,jdebischof7f@seattletimes.com,Female
269,Keelby,Galier,kgalier7g@blinklist.com,Male
270,Jemimah,MacGall,jmacgall7h@delicious.com,Female
271,Rutter,Nund,rnund7i@ebay.co.uk,Male
272,Elfreda,Storek,estorek7j@ucsd.edu,Female
273,Blancha,Lissimore,blissimore7k@tamu.edu,Female
274,Ely,Foot,efoot7l@yale.edu,Genderfluid
275,Benedicto,Channing,bchanning7m@bigcartel.com,Male
276,Cherida,Petruk,cpetruk7n@dion.ne.jp,Female
277,Lucian,Spinnace,lspinnace7o@gov.uk,Male
278,Bar,Feaks,bfeaks7p@wisc.edu,Male
279,Moe,Kennelly,mkennelly7q@cmu.edu,Male
280,Isidor,Aked,iaked7r@newyorker.com,Male
281,Kit,Martellini,kmartellini7s@chronoengine.com,Male
282,Alonso,Gothard,agothard7t@naver.com,Male
283,Xenos,Vasilov,xvasilov7u@blogtalkradio.com,Male
284,Bessie,MacKeever,bmackeever7v@pbs.org,Female
285,Gae,Chaney,gchaney7w@joomla.org,Female
286,Stern,Vidgen,svidgen7x@is.gd,Male
287,Lynnelle,Jacobovitch,ljacobovitch7y@51.la,Female
288,Kala,Hawler,khawler7z@sciencedirect.com,Female
289,Kristoforo,Monan,kmonan80@loc.gov,Male
290,Devonna,Guilloux,dguilloux81@comcast.net,Female
291,Kristien,Meller,kmeller82@csmonitor.com,Female
292,Danny,covino,dcovino83@indiegogo.com,Male
293,Pincus,Ricson,pricson84@craigslist.org,Non-binary
294,Ninette,Hotton,nhotton85@dmoz.org,Female
295,Elfrida,Burgan,eburgan86@hubpages.com,Female
296,Morse,Kenworthy,mkenworthy87@deliciousdays.com,Male
297,Kermit,Spofforth,kspofforth88@ifeng.com,Male
298,Kellia,Aireton,kaireton89@geocities.jp,Female
299,Lianne,Rumbellow,lrumbellow8a@wiley.com,Female
300,Eloisa,Braghini,ebraghini8b@friendfeed.com,Female
301,Winna,Gordge,wgordge8c@lulu.com,Female
302,Olly,Lehemann,olehemann8d@wikispaces.com,Male
303,Krishna,Shelmerdine,kshelmerdine8e@ibm.com,Male
304,Hadley,Erricker,herricker8f@elegantthemes.com,Male
305,Galina,Heap,gheap8g@smugmug.com,Female
306,Brinn,Geockle,bgeockle8h@ning.com,Genderqueer
307,Reade,Dingley,rdingley8i@hostgator.com,Male
308,Jehu,Sexon,jsexon8j@cnet.com,Male
309,Waylen,Barnett,wbarnett8k@hud.gov,Non-binary
310,Elisabetta,Laye,elaye8l@redcross.org,Female
311,Roarke,Cumberland,rcumberland8m@salon.com,Male
312,Bertrando,Kiraly,bkiraly8n@wikimedia.org,Male
313,Malachi,Mossbee,mmossbee8o@github.com,Male
314,Lucienne,Tilt,ltilt8p@themeforest.net,Female
315,Kendre,Hedges,khedges8q@hugedomains.com,Female
316,Hardy,Finding,hfinding8r@census.gov,Male
317,Efrem,Waghorn,ewaghorn8s@vistaprint.com,Agender
318,Elisha,Evensden,eevensden8t@google.co.jp,Male
319,Jacky,Boyton,jboyton8u@cpanel.net,Polygender
320,Gertruda,Blanche,gblanche8v@webeden.co.uk,Female
321,Ddene,Caro,dcaro8w@a8.net,Female
322,Lucais,Devorill,ldevorill8x@squidoo.com,Male
323,Omar,Blazewicz,oblazewicz8y@scientificamerican.com,Male
324,Jamima,Ewells,jewells8z@ezinearticles.com,Female
325,Georgie,Giacoppo,ggiacoppo90@google.pl,Male
326,Gerry,Todaro,gtodaro91@globo.com,Female
327,Jonathon,Dalton,jdalton92@diigo.com,Male
328,Jan,Dallow,jdallow93@wordpress.org,Female
329,Dael,Raund,draund94@gmpg.org,Female
330,Lesli,Brodley,lbrodley95@businessinsider.com,Female
331,Joceline,Rubinovitch,jrubinovitch96@wix.com,Female
332,Clarinda,Lounds,clounds97@economist.com,Female
333,Angeline,Burr,aburr98@wikispaces.com,Female
334,Garrek,Trulocke,gtrulocke99@soup.io,Male
335,Elfrida,Manby,emanby9a@so-net.ne.jp,Female
336,Zora,Albutt,zalbutt9b@shutterfly.com,Female
337,Bar,Fawdery,bfawdery9c@is.gd,Male
338,Roddy,Stayte,rstayte9d@sourceforge.net,Male
339,Augusta,Veneur,aveneur9e@imdb.com,Female
340,Chet,Winsley,cwinsley9f@zimbio.com,Male
341,Boy,Blankett,bblankett9g@dell.com,Male
342,Drake,Coomes,dcoomes9h@topsy.com,Male
343,Modestia,Werner,mwerner9i@jiathis.com,Female
344,Alfredo,Learned,alearned9j@163.com,Male
345,Ronny,Celez,rcelez9k@prweb.com,Male
346,Antonius,Southeran,asoutheran9l@about.com,Male
347,Tiebout,Bartosik,tbartosik9m@quantcast.com,Male
348,Benito,Brotherhood,bbrotherhood9n@discovery.com,Male
349,Kaia,Cellone,kcellone9o@cpanel.net,Polygender
350,Modestine,Curnick,mcurnick9p@about.me,Female
351,Olympe,Bosworth,obosworth9q@arizona.edu,Female
352,Romonda,Kaesmakers,rkaesmakers9r@wunderground.com,Female
353,Lucie,Brion,lbrion9s@hp.com,Female
354,Tish,Amsberger,tamsberger9t@yahoo.co.jp,Female
355,Cher,Horry,chorry9u@technorati.com,Female
356,Tab,McGlew,tmcglew9v@themeforest.net,Male
357,Jess,Fewings,jfewings9w@sciencedaily.com,Female
358,Dianna,Tomaello,dtomaello9x@flickr.com,Agender
359,Paquito,Denerley,pdenerley9y@imgur.com,Male
360,Sander,Arnke,sarnke9z@redcross.org,Male
361,Salome,Dowthwaite,sdowthwaitea0@ehow.com,Agender
362,Ulric,Hewlings,uhewlingsa1@dagondesign.com,Polygender
363,Malvin,Cicero,mciceroa2@squarespace.com,Male
364,Becki,Hagstone,bhagstonea3@blogspot.com,Female
365,Jayme,Burghall,jburghalla4@sogou.com,Agender
366,Towney,Schuchmacher,tschuchmachera5@etsy.com,Male
367,Cole,Demaine,cdemainea6@imgur.com,Male
368,Beaufort,Crossan,bcrossana7@live.com,Male
369,Gawen,Challender,gchallendera8@miibeian.gov.cn,Male
370,Prentiss,Esslement,pesslementa9@stanford.edu,Male
371,Rosy,Hylton,rhyltonaa@reddit.com,Female
372,Doralia,Aldiss,daldissab@godaddy.com,Female
373,Woodrow,Phinn,wphinnac@nymag.com,Male
374,Calhoun,Kmietsch,ckmietschad@over-blog.com,Male
375,Sherrie,Grammer,sgrammerae@mit.edu,Female
376,Anabal,White,awhiteaf@gravatar.com,Female
377,Lanni,Loos,lloosag@jugem.jp,Female
378,Gardner,Ife,gifeah@wsj.com,Male
379,Kathy,Bunning,kbunningai@google.es,Female
380,Jecho,Pedley,jpedleyaj@cnn.com,Polygender
381,Laina,McGeever,lmcgeeverak@qq.com,Female
382,Ramsay,O'Gleasane,rogleasaneal@aboutads.info,Male
383,Kelila,Garey,kgareyam@thetimes.co.uk,Female
384,Franciska,Drakes,fdrakesan@skyrock.com,Non-binary
385,Aldon,Karolowski,akarolowskiao@dagondesign.com,Male
386,Meg,Whatling,mwhatlingap@shinystat.com,Female
387,Cate,Dorning,cdorningaq@boston.com,Female
388,Jewelle,Lathaye,jlathayear@bbb.org,Polygender
389,Kippy,Jenicke,kjenickeas@businessweek.com,Male
390,Cassandre,Van den Velden,cvandenveldenat@etsy.com,Genderqueer
391,Mathew,Faro,mfaroau@phpbb.com,Male
392,Syd,Martinelli,smartinelliav@tinyurl.com,Male
393,Marie-ann,Vasilic,mvasilicaw@etsy.com,Female
394,Helge,Lilburne,hlilburneax@nydailynews.com,Female
395,Shae,Drepp,sdreppay@reddit.com,Female
396,Penrod,Linklater,plinklateraz@mtv.com,Male
397,Raoul,Abbatini,rabbatinib0@purevolume.com,Male
398,Wally,Gilroy,wgilroyb1@ustream.tv,Female
399,Frederigo,Kenwrick,fkenwrickb2@github.io,Male
400,Minnnie,Blanshard,mblanshardb3@nytimes.com,Female
401,Judith,Bentzen,jbentzenb4@digg.com,Female
402,Antonin,Bendson,abendsonb5@oracle.com,Male
403,Curt,Bagger,cbaggerb6@japanpost.jp,Male
404,Inger,Grigoletti,igrigolettib7@sina.com.cn,Male
405,Gaylor,Laffoley-Lane,glaffoleylaneb8@reference.com,Male
406,Kellie,Amphlett,kamphlettb9@canalblog.com,Female
407,Brodie,Rolance,brolanceba@squidoo.com,Genderfluid
408,Kandy,Kildale,kkildalebb@yale.edu,Female
409,Coleman,Fidele,cfidelebc@boston.com,Male
410,Olva,Edland,oedlandbd@about.com,Female
411,Ellyn,Jessett,ejessettbe@smh.com.au,Female
412,Justin,Hemeret,jhemeretbf@privacy.gov.au,Male
413,Kippie,Forrest,kforrestbg@discuz.net,Male
414,Doralynn,Foch,dfochbh@latimes.com,Female
415,Brade,Perryn,bperrynbi@webmd.com,Male
416,Celene,McGilvary,cmcgilvarybj@upenn.edu,Female
417,Colan,Parkisson,cparkissonbk@google.pl,Male
418,Basil,Sarfati,bsarfatibl@google.de,Male
419,Pauletta,Hodge,phodgebm@1und1.de,Female
420,Porty,Kittoe,pkittoebn@china.com.cn,Male
421,Bordy,Tooley,btooleybo@yelp.com,Male
422,Jen,Brocklehurst,jbrocklehurstbp@flickr.com,Female
423,Henry,Philliphs,hphilliphsbq@nps.gov,Male
424,Jourdan,Tramel,jtramelbr@huffingtonpost.com,Female
425,Caldwell,Battill,cbattillbs@icio.us,Male
426,Cosette,Hritzko,chritzkobt@fema.gov,Female
427,Gearard,Heino,gheinobu@github.com,Male
428,Mattie,Mascall,mmascallbv@webnode.com,Male
429,Ashly,Attac,aattacbw@slate.com,Genderqueer
430,Monique,Jeakins,mjeakinsbx@harvard.edu,Female
431,Carma,Phateplace,cphateplaceby@wix.com,Female
432,Rufus,McAllester,rmcallesterbz@phpbb.com,Male
433,Gorden,Luchelli,gluchellic0@upenn.edu,Male
434,Ransom,Dawes,rdawesc1@multiply.com,Male
435,Grace,Gegg,ggeggc2@hp.com,Female
436,Hieronymus,Geake,hgeakec3@eepurl.com,Genderfluid
437,Gothart,Scholfield,gscholfieldc4@weather.com,Male
438,Kit,Benech,kbenechc5@forbes.com,Male
439,Cart,Peakman,cpeakmanc6@marriott.com,Male
440,Orlan,Welchman,owelchmanc7@telegraph.co.uk,Male
441,Dev,Glowach,dglowachc8@ox.ac.uk,Male
442,Alice,Beevis,abeevisc9@kickstarter.com,Female
443,Berny,Potell,bpotellca@about.me,Female
444,Chelsea,Gallant,cgallantcb@google.ru,Female
445,Nanon,McCome,nmccomecc@fotki.com,Female
446,Itch,Wayland,iwaylandcd@blogger.com,Male
447,Lancelot,Gout,lgoutce@intel.com,Male
448,Sascha,Pimerick,spimerickcf@soundcloud.com,Male
449,Sheffy,O'Shiels,soshielscg@i2i.jp,Male
450,Timi,Scase,tscasech@usatoday.com,Female
451,Rasla,Ort,rortci@answers.com,Female
452,Carolann,Gawke,cgawkecj@sohu.com,Female
453,Franny,Griston,fgristonck@howstuffworks.com,Male
454,Gretel,Curreen,gcurreencl@istockphoto.com,Female
455,Donnie,McGuigan,dmcguigancm@odnoklassniki.ru,Male
456,Abey,Berks,aberkscn@blogtalkradio.com,Male
457,Frederik,Philippeaux,fphilippeauxco@wired.com,Male
458,Tanner,Savell,tsavellcp@businessweek.com,Male
459,Germaine,Kenton,gkentoncq@amazonaws.com,Male
460,Cherilyn,Burgess,cburgesscr@lycos.com,Female
461,Chandler,Havik,chavikcs@sfgate.com,Male
462,Nerita,Bracknell,nbracknellct@walmart.com,Female
463,Shurwood,Sabatini,ssabatinicu@cpanel.net,Male
464,Wiley,Lippo,wlippocv@123-reg.co.uk,Male
465,Lion,Mengue,lmenguecw@yandex.ru,Male
466,Turner,Cassimer,tcassimercx@qq.com,Male
467,Concordia,Harvard,charvardcy@biglobe.ne.jp,Female
468,Abbi,Gierke,agierkecz@ovh.net,Female
469,Antoni,Crone,acroned0@youtu.be,Male
470,Friederike,Greystock,fgreystockd1@utexas.edu,Female
471,Peggie,Lampitt,plampittd2@youtu.be,Female
472,Rayna,Lampbrecht,rlampbrechtd3@altervista.org,Female
473,Tadd,Dawdary,tdawdaryd4@google.ca,Male
474,Ivonne,Moorhouse,imoorhoused5@census.gov,Female
475,Nertie,Fouracre,nfouracred6@archive.org,Female
476,Marleah,Uren,murend7@macromedia.com,Female
477,Andrea,Toohey,atooheyd8@tripadvisor.com,Female
478,Emery,Lathom,elathomd9@amazonaws.com,Polygender
479,Mag,Polsin,mpolsinda@dell.com,Female
480,Drusilla,Pounds,dpoundsdb@illinois.edu,Female
481,Aloisia,Hailey,ahaileydc@blogspot.com,Female
482,Romona,Rutter,rrutterdd@flavors.me,Female
483,Carolina,Jennens,cjennensde@ca.gov,Female
484,Kendall,Michele,kmicheledf@ca.gov,Genderfluid
485,Fleurette,Wasmer,fwasmerdg@mtv.com,Female
486,Aylmar,Rittmeyer,arittmeyerdh@statcounter.com,Male
487,Alvy,Frosch,afroschdi@delicious.com,Male
488,Arne,Kefford,akefforddj@example.com,Male
489,Bryant,Kornes,bkornesdk@shareasale.com,Male
490,Giralda,Bunstone,gbunstonedl@xrea.com,Female
491,Rosemaria,Hartnell,rhartnelldm@sina.com.cn,Female
492,Zedekiah,Morling,zmorlingdn@adobe.com,Male
493,Opal,Dewsbury,odewsburydo@wunderground.com,Female
494,Lillis,Tytcomb,ltytcombdp@webeden.co.uk,Female
495,Thacher,Clemensen,tclemensendq@devhub.com,Genderqueer
496,Lacey,Karolovsky,lkarolovskydr@theatlantic.com,Female
497,Anson,Miskimmon,amiskimmonds@free.fr,Male
498,Aldric,Burlingham,aburlinghamdt@google.es,Male
499,Kerri,MacLaverty,kmaclavertydu@boston.com,Female
500,Ignacio,Bickers,ibickersdv@i2i.jp,Male
501,Zebulon,Peeters,zpeetersdw@pcworld.com,Male
502,Agustin,Denisovich,adenisovichdx@furl.net,Male
503,Derk,Gylle,dgylledy@wsj.com,Male
504,Graehme,Davidzon,gdavidzondz@washington.edu,Male
505,Ira,Lindeboom,ilindeboome0@topsy.com,Male
506,Gillie,Woolbrook,gwoolbrooke1@house.gov,Female
507,Andie,Rayment,araymente2@drupal.org,Male
508,Quint,Lacy,qlacye3@goo.ne.jp,Male
509,Meaghan,Louder,mloudere4@instagram.com,Female
510,Luella,Nutton,lnuttone5@weebly.com,Female
511,Lexis,Glasscoe,lglasscoee6@ted.com,Female
512,Charmane,Bernt,cbernte7@ft.com,Female
513,Giordano,Fripp,gfrippe8@timesonline.co.uk,Male
514,Enid,Fackney,efackneye9@photobucket.com,Female
515,Ashbey,Lindenfeld,alindenfeldea@sciencedirect.com,Male
516,Bradford,Serle,bserleeb@unc.edu,Male
517,Katharina,Hertwell,khertwellec@booking.com,Female
518,Rolf,Gyppes,rgyppesed@wired.com,Male
519,Jeri,Lapwood,jlapwoodee@stumbleupon.com,Agender
520,Ruperta,Kelloch,rkellochef@hud.gov,Female
521,Hilde,Thorp,hthorpeg@shareasale.com,Female
522,Buiron,Grime,bgrimeeh@apache.org,Male
523,Austin,Dorward,adorwardei@canalblog.com,Female
524,Philbert,Pellatt,ppellattej@army.mil,Male
525,Brent,Ivanikov,bivanikovek@behance.net,Male
526,Lek,Howatt,lhowattel@google.co.uk,Male
527,Dagmar,Werndley,dwerndleyem@indiatimes.com,Female
528,Sheff,Hambright,shambrighten@mayoclinic.com,Male
529,Donelle,Hearle,dhearleeo@cnet.com,Agender
530,Billy,Hourican,bhouricanep@woothemes.com,Male
531,Lou,Alloway,lallowayeq@jigsy.com,Male
532,Uta,Riceards,uriceardser@mashable.com,Female
533,Burnard,Govier,bgovieres@weather.com,Male
534,Boigie,McCambridge,bmccambridgeet@wix.com,Male
535,Halsy,Milch,hmilcheu@oaic.gov.au,Male
536,Rasla,Condon,rcondonev@spiegel.de,Female
537,Gillie,Beahan,gbeahanew@booking.com,Female
538,Danica,Stollberger,dstollbergerex@go.com,Female
539,Torin,McSperrin,tmcsperriney@mtv.com,Male
540,Merry,Honatsch,mhonatschez@uiuc.edu,Male
541,Dianne,Elsmore,delsmoref0@mlb.com,Polygender
542,Erl,Benit,ebenitf1@rediff.com,Male
543,Fidelio,Sandys,fsandysf2@dyndns.org,Male
544,Thomas,Stedmond,tstedmondf3@devhub.com,Male
545,Teodor,Franca,tfrancaf4@wisc.edu,Male
546,Kris,Philipsson,kphilipssonf5@ucoz.com,Male
547,Shirlene,Mundford,smundfordf6@answers.com,Female
548,Purcell,Busfield,pbusfieldf7@plala.or.jp,Male
549,Etta,Elfes,eelfesf8@foxnews.com,Female
550,Audry,Belson,abelsonf9@nsw.gov.au,Female
551,Drake,Beams,dbeamsfa@godaddy.com,Male
552,Corabella,Habben,chabbenfb@biglobe.ne.jp,Female
553,Hesther,Muffett,hmuffettfc@howstuffworks.com,Female
554,Ariana,Pownall,apownallfd@facebook.com,Female
555,Reinhold,Sorsby,rsorsbyfe@fema.gov,Male
556,Melanie,Paolozzi,mpaolozziff@example.com,Female
557,Steffane,McIlory,smciloryfg@va.gov,Female
558,Sonnnie,Starkey,sstarkeyfh@paypal.com,Genderfluid
559,Rory,Indge,rindgefi@reuters.com,Male
560,Cale,Baudone,cbaudonefj@imageshack.us,Male
561,Jacquetta,Clemmensen,jclemmensenfk@usatoday.com,Female
562,Cazzie,Vequaud,cvequaudfl@symantec.com,Male
563,Abran,Panswick,apanswickfm@fastcompany.com,Male
564,Kiah,Isabell,kisabellfn@woothemes.com,Bigender
565,Jordan,Kane,jkanefo@redcross.org,Female
566,Aubrie,Ortelt,aorteltfp@youtube.com,Female
567,Saraann,Ansley,sansleyfq@fotki.com,Female
568,Corie,Sillars,csillarsfr@indiatimes.com,Agender
569,Meade,Benedit,mbeneditfs@myspace.com,Male
570,Parrnell,Oliff,poliffft@mtv.com,Male
571,Chuck,Staves,cstavesfu@alibaba.com,Male
572,Staci,Kleimt,skleimtfv@de.vu,Female
573,Teena,Wanklyn,twanklynfw@hexun.com,Female
574,Zebadiah,Benz,zbenzfx@google.it,Male
575,Son,Semered,ssemeredfy@ibm.com,Male
576,Gussie,Maskrey,gmaskreyfz@cnn.com,Female
577,Mable,Sonier,msonierg0@cam.ac.uk,Female
578,Terrel,Benet,tbenetg1@google.co.uk,Male
579,Sadie,Barends,sbarendsg2@g.co,Female
580,Penn,Rimes,primesg3@angelfire.com,Male
581,Sunny,Auten,sauteng4@ovh.net,Male
582,Odille,Charlick,ocharlickg5@gmpg.org,Female
583,Joceline,McCool,jmccoolg6@w3.org,Female
584,Idalia,McCullough,imcculloughg7@intel.com,Female
585,Fawnia,Milkeham,fmilkehamg8@sphinn.com,Female
586,Rafaelia,Boss,rbossg9@intel.com,Female
587,Ada,Janas,ajanasga@booking.com,Genderfluid
588,Cordelie,Pitblado,cpitbladogb@forbes.com,Female
589,Dev,Lowther,dlowthergc@mapy.cz,Male
590,Catie,Ohms,cohmsgd@discuz.net,Agender
591,Evangeline,Lerner,elernerge@samsung.com,Female
592,Ivette,Lodo,ilodogf@shop-pro.jp,Female
593,Nanine,Ebden,nebdengg@sphinn.com,Female
594,Tobye,Barrow,tbarrowgh@indiegogo.com,Female
595,Gasparo,Gittens,ggittensgi@yelp.com,Male
596,Nydia,Blackie,nblackiegj@theatlantic.com,Female
597,Louisette,Raittie,lraittiegk@seattletimes.com,Female
598,Brittni,Hanley,bhanleygl@goodreads.com,Female
599,Angeline,Trenholm,atrenholmgm@plala.or.jp,Female
600,Colly,MacMarcuis,cmacmarcuisgn@stanford.edu,Female
601,Samuel,Simm,ssimmgo@pagesperso-orange.fr,Male
602,Alanson,Pedican,apedicangp@ocn.ne.jp,Male
603,Danna,Linny,dlinnygq@constantcontact.com,Female
604,Stillman,McKeating,smckeatinggr@wordpress.com,Male
605,Egon,Wichard,ewichardgs@biglobe.ne.jp,Male
606,Jules,Ary,jarygt@phoca.cz,Male
607,Michelina,Loy,mloygu@latimes.com,Female
608,Dru,Tadd,dtaddgv@nyu.edu,Female
609,Dannel,Bidgood,dbidgoodgw@timesonline.co.uk,Male
610,Porty,Maharey,pmahareygx@globo.com,Male
611,Beau,Foro,bforogy@cafepress.com,Male
612,Letty,Roycroft,lroycroftgz@accuweather.com,Female
613,Alastair,Metzel,ametzelh0@youtu.be,Male
614,Ashlee,Perulli,aperullih1@networkadvertising.org,Agender
615,Allegra,Lesurf,alesurfh2@google.de,Female
616,Nevile,Picard,npicardh3@rakuten.co.jp,Genderfluid
617,Alikee,Whelan,awhelanh4@seesaa.net,Female
618,Cory,Forde,cfordeh5@comcast.net,Genderfluid
619,Lenee,Biddlestone,lbiddlestoneh6@cbsnews.com,Female
620,Sargent,Cannop,scannoph7@wikispaces.com,Male
621,Barnebas,Moorfield,bmoorfieldh8@sciencedaily.com,Male
622,Far,Scammell,fscammellh9@reddit.com,Non-binary
623,Gareth,Utterson,guttersonha@loc.gov,Male
624,Clotilda,MacQuaker,cmacquakerhb@theatlantic.com,Female
625,Curcio,Tinsley,ctinsleyhc@google.com.br,Male
626,Lianna,Bark,lbarkhd@walmart.com,Female
627,Candice,Verlander,cverlanderhe@oakley.com,Female
628,Gaylord,Struys,gstruyshf@npr.org,Genderfluid
629,Lucilia,Gamage,lgamagehg@wsj.com,Female
630,Myrvyn,Blooman,mbloomanhh@spotify.com,Male
631,Gail,Papachristophorou,gpapachristophorouhi@opensource.org,Polygender
632,Sutton,Puden,spudenhj@google.fr,Male
633,Nickolas,Waulker,nwaulkerhk@tinypic.com,Male
634,Perkin,Tuvey,ptuveyhl@surveymonkey.com,Male
635,Panchito,Marrill,pmarrillhm@usatoday.com,Male
636,Patton,Dreng,pdrenghn@dropbox.com,Male
637,Joannes,Kither,jkitherho@discovery.com,Female
638,Rosalynd,Gregor,rgregorhp@cisco.com,Female
639,Nolan,Ludlom,nludlomhq@tuttocitta.it,Male
640,Homer,Wince,hwincehr@lulu.com,Male
641,Hadrian,Watman,hwatmanhs@usgs.gov,Male
642,Ashely,McCorley,amccorleyht@godaddy.com,Female
643,Rubie,Forseith,rforseithhu@answers.com,Female
644,Kermie,Tatlowe,ktatlowehv@chron.com,Male
645,Sophi,Leagas,sleagashw@psu.edu,Female
646,Farica,Feare,ffearehx@amazonaws.com,Female
647,Wiley,Benninger,wbenningerhy@flavors.me,Male
648,Kristine,Comello,kcomellohz@elpais.com,Female
649,Raphael,Eyree,reyreei0@bandcamp.com,Male
650,Elysee,Fratson,efratsoni1@nsw.gov.au,Female
651,Melessa,Reichelt,mreichelti2@jimdo.com,Female
652,Prisca,Cuardall,pcuardalli3@bandcamp.com,Female
653,Ram,Dulin,rdulini4@ycombinator.com,Genderqueer
654,Pauli,Turneux,pturneuxi5@usa.gov,Female
655,Sheridan,Montrose,smontrosei6@etsy.com,Male
656,Allie,Meake,ameakei7@ted.com,Male
657,Layla,Haysey,lhayseyi8@diigo.com,Female
658,Brooks,Osgar,bosgari9@altervista.org,Female
659,Babara,Roly,brolyia@indiegogo.com,Female
660,Franz,Upsale,fupsaleib@t-online.de,Male
661,Christian,Mardle,cmardleic@people.com.cn,Female
662,Kylen,Golden,kgoldenid@miitbeian.gov.cn,Female
663,Burgess,Fihelly,bfihellyie@blogtalkradio.com,Agender
664,Brittney,Caps,bcapsif@fotki.com,Female
665,Izzy,Coppens,icoppensig@bbc.co.uk,Male
666,Ryan,Greatbank,rgreatbankih@paypal.com,Agender
667,Gwen,Howsden,ghowsdenii@squidoo.com,Female
668,Peyton,Phinnis,pphinnisij@forbes.com,Male
669,Cordey,Ricioppo,cricioppoik@a8.net,Female
670,Lalo,Callacher,lcallacheril@posterous.com,Male
671,Rhodie,Gibbonson,rgibbonsonim@so-net.ne.jp,Female
672,Krystyna,Oakton,koaktonin@google.nl,Female
673,Kennett,Steven,kstevenio@so-net.ne.jp,Male
674,Lethia,Pitrollo,lpitrolloip@mozilla.org,Female
675,Lucine,Harefoot,lharefootiq@flavors.me,Female
676,Jammie,Maro,jmaroir@ning.com,Bigender
677,Nate,Duffree,nduffreeis@microsoft.com,Male
678,Kesley,Bardill,kbardillit@ucla.edu,Female
679,Jed,Cadd,jcaddiu@godaddy.com,Male
680,Ginni,Riseley,griseleyiv@nba.com,Female
681,Francis,Crosscombe,fcrosscombeiw@wikispaces.com,Male
682,Adrea,Skough,askoughix@live.com,Female
683,Nathalia,Rozec,nrozeciy@wikimedia.org,Female
684,Jacquelyn,Wyburn,jwyburniz@fastcompany.com,Female
685,Wynnie,Vynarde,wvynardej0@twitter.com,Female
686,Austen,Neiland,aneilandj1@fotki.com,Male
687,Cara,Luscombe,cluscombej2@goo.ne.jp,Female
688,Lem,Alywin,lalywinj3@deliciousdays.com,Male
689,Cory,Flitcroft,cflitcroftj4@weibo.com,Female
690,Lacey,Sentinella,lsentinellaj5@domainmarket.com,Female
691,Griffin,Kees,gkeesj6@angelfire.com,Male
692,Fernando,Caso,fcasoj7@accuweather.com,Male
693,Tandie,Gilluley,tgilluleyj8@quantcast.com,Female
694,Nowell,Rounds,nroundsj9@tripadvisor.com,Male
695,Aileen,Knight,aknightja@dropbox.com,Female
696,Marthena,Goldsbrough,mgoldsbroughjb@odnoklassniki.ru,Female
697,Antonella,Aronowitz,aaronowitzjc@addthis.com,Female
698,Monique,Ortsmann,mortsmannjd@whitehouse.gov,Female
699,Toma,Buten,tbutenje@constantcontact.com,Female
700,Anya,Waplington,awaplingtonjf@zimbio.com,Female
701,Avram,Franc,afrancjg@rakuten.co.jp,Male
702,Moise,Darragh,mdarraghjh@sogou.com,Male
703,Rorke,Battyll,rbattyllji@squarespace.com,Male
704,Jessie,Mattiuzzi,jmattiuzzijj@hao123.com,Female
705,Lanna,Robeiro,lrobeirojk@scribd.com,Female
706,Liva,Fydo,lfydojl@ow.ly,Female
707,Noelyn,Caulcott,ncaulcottjm@redcross.org,Female
708,Hunt,Albinson,halbinsonjn@usatoday.com,Male
709,Wit,Pannett,wpannettjo@nps.gov,Male
710,Jessalyn,Mitkcov,jmitkcovjp@jalbum.net,Female
711,Sherman,Kale,skalejq@bloglines.com,Male
712,Billye,Stidson,bstidsonjr@elpais.com,Female
713,Lesley,Jenyns,ljenynsjs@auda.org.au,Female
714,Isabelita,Damant,idamantjt@si.edu,Female
715,Blaine,De Zamudio,bdezamudioju@aol.com,Male
716,Norby,Langlands,nlanglandsjv@mediafire.com,Male
717,Xymenes,Hintzer,xhintzerjw@google.co.uk,Male
718,Karalynn,Infantino,kinfantinojx@indiatimes.com,Female
719,Eryn,Devany,edevanyjy@w3.org,Female
720,Bobine,Kleinber,bkleinberjz@ed.gov,Female
721,Norma,Preon,npreonk0@scribd.com,Female
722,Rhodia,Mauser,rmauserk1@blogger.com,Genderqueer
723,Shelby,Ferri,sferrik2@ezinearticles.com,Female
724,Karilynn,Mee,kmeek3@google.es,Female
725,Kaitlin,MacGaughey,kmacgaugheyk4@discuz.net,Female
726,Lilas,Oliva,lolivak5@godaddy.com,Female
727,Marianne,Creane,mcreanek6@adobe.com,Female
728,Zelma,Drewe,zdrewek7@mozilla.com,Agender
729,Charla,Blenkin,cblenkink8@clickbank.net,Female
730,Ev,Knapman,eknapmank9@odnoklassniki.ru,Male
731,Adriane,Maybey,amaybeyka@ustream.tv,Female
732,Dew,Thies,dthieskb@edublogs.org,Male
733,Melosa,Hendrichs,mhendrichskc@ibm.com,Female
734,Anabella,Lewzey,alewzeykd@alibaba.com,Female
735,Vanna,Setter,vsetterke@nih.gov,Female
736,Alain,Gaines,againeskf@multiply.com,Male
737,Valene,Oehme,voehmekg@cornell.edu,Female
738,Michal,Waddup,mwaddupkh@acquirethisname.com,Polygender
739,Markos,Hindsberg,mhindsbergki@flavors.me,Male
740,Casper,O'Feeney,cofeeneykj@google.com.hk,Male
741,Kassie,Skaife,kskaifekk@baidu.com,Female
742,Piper,Boards,pboardskl@reference.com,Female
743,Elden,Freiburger,efreiburgerkm@t.co,Non-binary
744,Sherlock,Dannell,sdannellkn@nifty.com,Male
745,Egan,Runsey,erunseyko@51.la,Male
746,Natassia,Knee,nkneekp@china.com.cn,Female
747,Fredelia,Jeannot,fjeannotkq@princeton.edu,Female
748,Cristine,Pinkney,cpinkneykr@irs.gov,Female
749,Arny,Roofe,aroofeks@umn.edu,Male
750,Giffer,Vaskin,gvaskinkt@usda.gov,Male
751,Katie,Andrioli,kandrioliku@eepurl.com,Female
752,Frasier,Vasyukhin,fvasyukhinkv@flavors.me,Male
753,Cristal,Papen,cpapenkw@multiply.com,Female
754,Petr,Andreucci,pandreuccikx@omniture.com,Male
755,Cesaro,Djokovic,cdjokovicky@altervista.org,Male
756,Morgan,Coils,mcoilskz@auda.org.au,Male
757,Bryana,Longhurst,blonghurstl0@deliciousdays.com,Bigender
758,Sam,Jozwicki,sjozwickil1@eventbrite.com,Male
759,Amory,Pedrollo,apedrollol2@weibo.com,Male
760,April,Beckson,abecksonl3@nih.gov,Female
761,Matthiew,Uff,muffl4@ebay.com,Male
762,Erika,Rowat,erowatl5@linkedin.com,Female
763,Patrick,Adriano,padrianol6@qq.com,Genderfluid
764,Maxy,Eversfield,meversfieldl7@yellowpages.com,Female
765,Astra,Strelitzer,astrelitzerl8@e-recht24.de,Female
766,Sam,Parell,sparelll9@nydailynews.com,Male
767,Florie,Grzelczak,fgrzelczakla@yelp.com,Female
768,Terence,Wilber,twilberlb@icio.us,Genderfluid
769,May,Wanstall,mwanstalllc@linkedin.com,Female
770,Meggie,Wanka,mwankald@virginia.edu,Genderqueer
771,Stephanus,Matfield,smatfieldle@opera.com,Male
772,Jonathon,Chilles,jchilleslf@oakley.com,Male
773,Jacki,Kaszper,jkaszperlg@hud.gov,Female
774,Susanetta,Konert,skonertlh@slate.com,Agender
775,Job,Mollen,jmollenli@creativecommons.org,Male
776,Nye,Attack,nattacklj@yahoo.co.jp,Male
777,Carin,Saylor,csaylorlk@google.com,Female
778,Stewart,Varvara,svarvarall@dell.com,Male
779,Kipp,Brettelle,kbrettellelm@quantcast.com,Male
780,Alissa,Hallan,ahallanln@ox.ac.uk,Female
781,Arri,Fritzer,afritzerlo@cargocollective.com,Male
782,Melanie,Juggings,mjuggingslp@boston.com,Female
783,Emanuele,Ridd,eriddlq@cam.ac.uk,Male
784,Izabel,Duesbury,iduesburylr@pen.io,Female
785,Bondy,Clackers,bclackersls@state.gov,Genderqueer
786,Shamus,Abson,sabsonlt@themeforest.net,Male
787,Robinette,Zamboniari,rzamboniarilu@wordpress.com,Female
788,Darbie,Knee,dkneelv@forbes.com,Female
789,Fredericka,Cocklin,fcocklinlw@noaa.gov,Genderqueer
790,Rica,Triggs,rtriggslx@cafepress.com,Female
791,Kimmie,Firmager,kfirmagerly@comcast.net,Female
792,Mason,Redmile,mredmilelz@hugedomains.com,Male
793,Arty,Amburgy,aamburgym0@twitpic.com,Bigender
794,Andy,Rickert,arickertm1@adobe.com,Male
795,Leodora,Bicheno,lbichenom2@msu.edu,Female
796,Corbin,McNeely,cmcneelym3@mysql.com,Male
797,Shannon,Coleridge,scoleridgem4@deviantart.com,Female
798,Dugald,Bisley,dbisleym5@ovh.net,Male
799,Chevy,Forton,cfortonm6@homestead.com,Male
800,Lilian,Rouch,lrouchm7@amazon.com,Genderfluid
801,Brianna,Presser,bpresserm8@nifty.com,Female
802,Northrup,Aubin,naubinm9@prweb.com,Male
803,Gris,Chezelle,gchezellema@ucoz.com,Male
804,Farrah,Sager,fsagermb@wisc.edu,Female
805,Bradford,Itzig,bitzigmc@wix.com,Polygender
806,Mikkel,Mound,mmoundmd@skype.com,Male
807,Sunny,Milson,smilsonme@nyu.edu,Male
808,Celina,Iacivelli,ciacivellimf@patch.com,Female
809,Conney,Kretschmer,ckretschmermg@pbs.org,Male
810,Levy,Coslett,lcoslettmh@comcast.net,Male
811,Elizabet,Antao,eantaomi@irs.gov,Female
812,Pavel,Careswell,pcareswellmj@ask.com,Male
813,Omero,Simeoli,osimeolimk@bigcartel.com,Male
814,Margarethe,Rimer,mrimerml@springer.com,Female
815,Daniella,Attree,dattreemm@columbia.edu,Female
816,Far,Goulborn,fgoulbornmn@icio.us,Male
817,Annabella,Dampier,adampiermo@techcrunch.com,Female
818,Ody,MacParland,omacparlandmp@over-blog.com,Male
819,Shem,Causer,scausermq@upenn.edu,Male
820,Patsy,Blackaller,pblackallermr@jigsy.com,Agender
821,Mignonne,Hessentaler,mhessentalerms@bbb.org,Female
822,Anatola,Haggie,ahaggiemt@nydailynews.com,Female
823,Nicky,Barling,nbarlingmu@last.fm,Male
824,Gordon,Salazar,gsalazarmv@biblegateway.com,Male
825,Kimbell,O' Meara,komearamw@cbc.ca,Male
826,Eugenie,Clitsome,eclitsomemx@odnoklassniki.ru,Non-binary
827,Isacco,Tour,itourmy@samsung.com,Male
828,Maryrose,Balsdone,mbalsdonemz@ihg.com,Female
829,Darlleen,Yurkov,dyurkovn0@cbsnews.com,Female
830,Carroll,Giacubbo,cgiacubbon1@canalblog.com,Male
831,Verna,Binns,vbinnsn2@dmoz.org,Female
832,Kylynn,Espinazo,kespinazon3@delicious.com,Female
833,Debee,Clemerson,dclemersonn4@bluehost.com,Female
834,Adorne,O'Corren,aocorrenn5@about.me,Genderqueer
835,Neilla,Melchior,nmelchiorn6@techcrunch.com,Female
836,Cody,Scutcheon,cscutcheonn7@homestead.com,Male
837,Jozef,Tregoning,jtregoningn8@ask.com,Male
838,Katerina,Kale,kkalen9@vk.com,Female
839,Petey,Nono,pnonona@springer.com,Non-binary
840,Seline,Skatcher,sskatchernb@ft.com,Female
841,Faina,Alennikov,falennikovnc@nih.gov,Female
842,Jillana,Canner,jcannernd@google.it,Female
843,Binky,Fruen,bfruenne@mozilla.com,Male
844,Elwood,Fossord,efossordnf@sciencedaily.com,Male
845,Juana,Snazel,jsnazelng@privacy.gov.au,Female
846,Dara,Bart,dbartnh@cnbc.com,Agender
847,Maxie,Boerderman,mboerdermanni@sphinn.com,Male
848,Renae,Amsden,ramsdennj@icio.us,Female
849,Dagny,Schrader,dschradernk@msn.com,Male
850,Erhart,Ventam,eventamnl@livejournal.com,Male
851,Hannah,Nortunen,hnortunennm@delicious.com,Female
852,Silvana,Priest,spriestnn@hud.gov,Female
853,Quinn,Tierny,qtiernyno@upenn.edu,Female
854,Mackenzie,Johnes,mjohnesnp@yellowpages.com,Polygender
855,Annis,Colbourn,acolbournnq@discuz.net,Female
856,Lion,Calliss,lcallissnr@angelfire.com,Male
857,Robinet,Backler,rbacklerns@oracle.com,Male
858,Micheil,D'Emanuele,mdemanuelent@europa.eu,Male
859,Micki,Cheater,mcheaternu@nationalgeographic.com,Female
860,Brendin,Cobbold,bcobboldnv@hao123.com,Male
861,Vickie,Mathes,vmathesnw@google.pl,Female
862,Phillip,Browett,pbrowettnx@dot.gov,Male
863,Trudi,Moggie,tmoggieny@cbsnews.com,Female
864,Evangelin,Calcott,ecalcottnz@fotki.com,Female
865,Julieta,Quantick,jquanticko0@businessweek.com,Female
866,Marven,Gleasane,mgleasaneo1@ucla.edu,Male
867,Kessiah,Stanbridge,kstanbridgeo2@walmart.com,Female
868,Chicky,Kinnoch,ckinnocho3@kickstarter.com,Genderfluid
869,Derick,Farquharson,dfarquharsono4@bloglines.com,Male
870,Cher,Haw,chawo5@earthlink.net,Female
871,Batsheva,Kenson,bkensono6@washington.edu,Female
872,Britt,Rallin,brallino7@skyrock.com,Female
873,Anselma,Boner,abonero8@time.com,Female
874,Odele,Coplestone,ocoplestoneo9@plala.or.jp,Female
875,Krishna,Aulds,kauldsoa@spiegel.de,Male
876,Susann,Tregien,stregienob@mail.ru,Female
877,Chelsey,Asals,casalsoc@msn.com,Female
878,Judith,Dutnall,jdutnallod@mozilla.com,Female
879,Huntington,Abel,habeloe@gnu.org,Male
880,Sibilla,Crinkley,scrinkleyof@nhs.uk,Female
881,Candi,Greenig,cgreenigog@netscape.com,Genderqueer
882,Dania,Mertel,dmerteloh@howstuffworks.com,Female
883,Granville,Deegin,gdeeginoi@xinhuanet.com,Male
884,Stavro,Pregal,spregaloj@economist.com,Male
885,Tades,Mates,tmatesok@de.vu,Male
886,Korella,Lilian,klilianol@mit.edu,Female
887,Marcellus,Luckett,mluckettom@nba.com,Male
888,Delly,Adamou,dadamouon@alexa.com,Genderqueer
889,Frederick,Gally,fgallyoo@shutterfly.com,Male
890,Candice,Chatainier,cchatainierop@state.gov,Female
891,Wynn,Mikalski,wmikalskioq@adobe.com,Female
892,Maren,Poston,mpostonor@google.it,Female
893,Claudette,Calafate,ccalafateos@w3.org,Female
894,Abbott,Titcomb,atitcombot@lulu.com,Male
895,Creigh,Jepp,cjeppou@businessweek.com,Male
896,Leigh,Halle,lhalleov@shop-pro.jp,Polygender
897,Arney,Stallibrass,astallibrassow@usda.gov,Male
898,Tedman,Cottier,tcottierox@mapy.cz,Male
899,Fleur,Arendt,farendtoy@psu.edu,Female
900,Alec,Ivashchenko,aivashchenkooz@wikimedia.org,Male
901,Dosi,Haig,dhaigp0@uiuc.edu,Female
902,Lian,Davidde,ldaviddep1@about.me,Female
903,Darin,Groucock,dgroucockp2@wufoo.com,Male
904,Kathryne,Gullefant,kgullefantp3@economist.com,Genderqueer
905,Coleen,Stoffel,cstoffelp4@admin.ch,Female
906,Rochella,Chmiel,rchmielp5@geocities.com,Female
907,Joachim,Mayo,jmayop6@state.gov,Male
908,Kimberly,Musto,kmustop7@cnbc.com,Genderqueer
909,Orbadiah,Boulde,obouldep8@gnu.org,Male
910,Skell,Henden,shendenp9@cnbc.com,Male
911,Evaleen,Shepley,eshepleypa@storify.com,Female
912,Beale,Fowkes,bfowkespb@businessweek.com,Male
913,Bengt,Garms,bgarmspc@123-reg.co.uk,Male
914,Mada,Ca,mcapd@parallels.com,Female
915,Patric,Sodo,psodope@tiny.cc,Male
916,Gale,Gibling,ggiblingpf@netvibes.com,Male
917,Homer,Levins,hlevinspg@nba.com,Male
918,Margret,McKue,mmckueph@reuters.com,Female
919,Mill,Tinto,mtintopi@telegraph.co.uk,Male
920,Forbes,Paolucci,fpaoluccipj@china.com.cn,Male
921,Griffith,Nehl,gnehlpk@sohu.com,Male
922,Hamil,Peterson,hpetersonpl@amazon.de,Male
923,Franzen,Brimilcombe,fbrimilcombepm@1und1.de,Male
924,Leonidas,Milkins,lmilkinspn@ihg.com,Bigender
925,Nicol,Mault,nmaultpo@biblegateway.com,Female
926,Georgie,Dinnington,gdinningtonpp@amazon.co.uk,Male
927,Fonz,Copins,fcopinspq@goodreads.com,Male
928,Poul,Bolf,pbolfpr@ocn.ne.jp,Male
929,Reagen,Winterscale,rwinterscaleps@dropbox.com,Male
930,Shaw,McMichan,smcmichanpt@ft.com,Male
931,Minnie,Tebbe,mtebbepu@ed.gov,Female
932,Annalise,Coule,acoulepv@berkeley.edu,Female
933,Octavius,McCandless,omccandlesspw@pen.io,Male
934,Jessica,Critoph,jcritophpx@odnoklassniki.ru,Female
935,Toiboid,McConnal,tmcconnalpy@economist.com,Male
936,Ezri,Swaffer,eswafferpz@wp.com,Male
937,Everard,Acres,eacresq0@yelp.com,Male
938,Ivette,Peegrem,ipeegremq1@utexas.edu,Female
939,Roland,Marieton,rmarietonq2@mail.ru,Male
940,Kevon,Conibere,kconibereq3@senate.gov,Male
941,Pierrette,Sacks,psacksq4@pagesperso-orange.fr,Non-binary
942,West,Rauprich,wrauprichq5@stumbleupon.com,Male
943,Emalia,Morville,emorvilleq6@nature.com,Female
944,Jonathon,Bergstram,jbergstramq7@cnn.com,Male
945,Dunc,Rooksby,drooksbyq8@wp.com,Male
946,Cara,Whittaker,cwhittakerq9@census.gov,Female
947,Demetri,Mixon,dmixonqa@newyorker.com,Male
948,Abagail,Revey,areveyqb@craigslist.org,Female
949,Nelson,Becken,nbeckenqc@bing.com,Male
950,Herve,Kiln,hkilnqd@lycos.com,Male
951,Norman,MacCarter,nmaccarterqe@istockphoto.com,Male
952,Breena,Karpeev,bkarpeevqf@yellowbook.com,Female
953,Jason,Vassall,jvassallqg@blogtalkradio.com,Male
954,Lonny,Tilt,ltiltqh@businesswire.com,Male
955,Bradford,Toulamain,btoulamainqi@nba.com,Male
956,Bruno,Maundrell,bmaundrellqj@gov.uk,Male
957,Jennette,Stanyer,jstanyerqk@sina.com.cn,Female
958,Hayyim,Strutton,hstruttonql@nba.com,Male
959,Tomas,Roskruge,troskrugeqm@example.com,Genderqueer
960,Anita,Buyers,abuyersqn@mapy.cz,Agender
961,Horst,Pindell,hpindellqo@opensource.org,Male
962,Mylo,Widdison,mwiddisonqp@skype.com,Male
963,Worthington,Boatman,wboatmanqq@smh.com.au,Male
964,Quent,Gibberd,qgibberdqr@pbs.org,Male
965,Ashlen,Cant,acantqs@thetimes.co.uk,Female
966,Gilly,Phippard,gphippardqt@homestead.com,Female
967,Gwenora,Acres,gacresqu@google.es,Female
968,Hasty,Stoop,hstoopqv@unblog.fr,Male
969,Shanta,Blazewicz,sblazewiczqw@goo.ne.jp,Female
970,Joye,Extence,jextenceqx@earthlink.net,Female
971,Chad,Brazener,cbrazenerqy@ifeng.com,Non-binary
972,Claus,Lafee,clafeeqz@jugem.jp,Male
973,Dulcinea,Hamlin,dhamlinr0@liveinternet.ru,Female
974,Ashla,Ferrino,aferrinor1@wisc.edu,Female
975,Guglielma,Sandels,gsandelsr2@hao123.com,Female
976,Abran,Escudier,aescudierr3@princeton.edu,Genderfluid
977,Almeda,Klimuk,aklimukr4@goo.gl,Female
978,Agnesse,Statefield,astatefieldr5@aol.com,Genderqueer
979,Alvan,Atwool,aatwoolr6@live.com,Genderqueer
980,Nigel,Hairs,nhairsr7@squidoo.com,Male
981,Brena,Gwillyam,bgwillyamr8@apple.com,Female
982,Gwenora,Jurzyk,gjurzykr9@vinaora.com,Female
983,Bryan,Beveredge,bbeveredgera@nydailynews.com,Bigender
984,Brien,Roll,brollrb@creativecommons.org,Male
985,Jane,Couper,jcouperrc@cbsnews.com,Female
986,Carney,Vincent,cvincentrd@nbcnews.com,Bigender
987,Louisette,Itzkovwitch,litzkovwitchre@wunderground.com,Female
988,Malissa,Gemlett,mgemlettrf@dailymotion.com,Genderqueer
989,Aeriell,Ridd,ariddrg@freewebs.com,Female
990,Alfred,Lancaster,alancasterrh@blogs.com,Polygender
991,Francene,Burkitt,fburkittri@tinypic.com,Female
992,Mervin,Wintersgill,mwintersgillrj@gmpg.org,Male
993,Kaleb,Goakes,kgoakesrk@bandcamp.com,Male
994,Dalli,Rainsdon,drainsdonrl@globo.com,Male
995,Marley,Meaker,mmeakerrm@senate.gov,Genderqueer
996,Silvana,Breens,sbreensrn@phoca.cz,Female
997,Frankie,Sparke,fsparkero@google.cn,Male
998,Jayne,Caile,jcailerp@edublogs.org,Female
999,Hanni,Dark,hdarkrq@infoseek.co.jp,Female
1000,Kenon,Flowitt,kflowittrr@furl.net,Male
